,1/N,InvVol,RB bond tilt,ERC,ERC LW,HRP
CAGR,0.06933807811339632,0.06569677608838709,0.06085650658968067,0.06184860671781456,0.062230770401394464,0.061222960287337536
Ann. mean,0.07356640732468724,0.06758270837343897,0.06204394171333559,0.06337796094209679,0.06388061220100223,0.061903555066338815
Ann. vol,0.11423521341814102,0.08891895171872463,0.07705342231333623,0.08207224759018954,0.08379512175310588,0.07045548854934755
Sharpe,0.6439906323403829,0.7600484156315953,0.8052068272974966,0.7722215828493119,0.7623428531940105,0.8786193430903698
Sortino,0.9246174227861745,1.1096181602355597,1.19740754959922,1.1403026441816813,1.1235891247523255,1.3289495062763885
Calmar,0.2535691800827418,0.3200780035138811,0.33794941317548477,0.3248871383781275,0.31907913529281234,0.40803143725076124
Max DD,-0.27344836659869587,-0.20525239275162488,-0.1800757871358697,-0.19036951424599213,-0.19503240268056565,-0.15004471395597918
Max DD duration,923.0,700.0,773.0,760.0,760.0,426.0
VaR 95%,0.010353000852091579,0.008087608134031204,0.006956362323213527,0.007536919308757339,0.007626040930531713,0.006315689632751559
CVaR 95%,0.017085084095787007,0.013136738659230074,0.011188474341539521,0.012007744066885939,0.012287849900348877,0.010011425725918363
Skew,0.19529745113369834,0.432142529897148,0.7623754263396018,0.6482089605154248,0.6206947964340194,0.8933223515867486
Excess kurt,13.688869644516313,15.778085293835314,17.604105569368983,16.898221495937186,16.800214257939757,16.310348536636212
Hit ratio,0.5345804988662132,0.5376984126984127,0.5359977324263039,0.5399659863945578,0.5388321995464853,0.534297052154195
PSR(SR>0),0.9920460322541074,0.9978716681912382,0.9988649693380905,0.9982432851781001,0.9980082255174425,0.9995912997917125
Ann. turnover,0.3831501584248784,0.4123840785632596,0.4453290317433868,0.4881445070983209,0.48088710213483793,1.2025372672452295
